"province","city","city_code","macro_city","match_status","batch","note"
"云南省","保山市","530500","保山市","matched","",""
"云南省","楚雄彝族自治州","","","unmatched","","宏观GDP/床位数据未覆盖自治州/盟/地区，需另行补充或从控制变量中剔除"
"云南省","昭通市","530600","昭通市","matched","",""
"云南省","昆明市","530100","昆明市","matched","",""
"云南省","临沧市","530900","临沧市","matched","",""
"云南省","丽江市","530700","丽江市","matched","",""
"福建省","漳州市","350600","漳州市","matched","",""
"福建省","莆田市","350300","莆田市","matched","",""
"福建省","福州市","350100","福州市","matched","",""
"福建省","宁德市","350900","宁德市","matched","",""
"青海省","海东地区","630200","海东市","matched","",""
"四川省","广安市","511600","广安市","matched","",""
"四川省","成都市","510100","成都市","matched","",""
"四川省","凉山彝族自治州","","","unmatched","","宏观GDP/床位数据未覆盖自治州/盟/地区，需另行补充或从控制变量中剔除"
"四川省","南充市","511300","南充市","matched","",""
"四川省","宜宾市","511500","宜宾市","matched","",""
"四川省","资阳市","512000","资阳市","matched","",""
"四川省","内江市","511000","内江市","matched","",""
"四川省","甘孜藏族自治州","","","unmatched","","宏观GDP/床位数据未覆盖自治州/盟/地区，需另行补充或从控制变量中剔除"
"四川省","绵阳市","510700","绵阳市","matched","",""
"四川省","眉山市","511400","眉山市","matched","",""
"河北省","保定市","130600","保定市","matched","",""
"河北省","石家庄市","130100","石家庄市","matched","",""
"河北省","沧州市","130900","沧州市","matched","",""
"河北省","承德市","130800","承德市","matched","",""
"江西省","景德镇市","360200","景德镇市","matched","",""
"江西省","南昌市","360100","南昌市","matched","",""
"江西省","宜春市","360900","宜春市","matched","",""
"江西省","上饶市","361100","上饶市","matched","",""
"江西省","九江市","360400","九江市","matched","",""
"江西省","吉安市","360800","吉安市","matched","",""
"江西省","赣州市","360700","赣州市","matched","",""
"新疆维吾尔自治区","阿克苏地区","","","unmatched","","宏观GDP/床位数据未覆盖自治州/盟/地区，需另行补充或从控制变量中剔除"
"北京","北京","110000","北京市","matched","",""
"内蒙古自治区","锡林郭勒盟","","","unmatched","","宏观GDP/床位数据未覆盖自治州/盟/地区，需另行补充或从控制变量中剔除"
"内蒙古自治区","呼和浩特市","150100","呼和浩特市","matched","",""
"内蒙古自治区","兴安盟","","","unmatched","","宏观GDP/床位数据未覆盖自治州/盟/地区，需另行补充或从控制变量中剔除"
"内蒙古自治区","赤峰市","150400","赤峰市","matched","",""
"内蒙古自治区","呼伦贝尔市","150700","呼伦贝尔市","matched","",""
"江苏省","苏州市","320500","苏州市","matched","",""
"江苏省","徐州市","320300","徐州市","matched","",""
"江苏省","泰州市","321200","泰州市","matched","",""
"江苏省","盐城市","320900","盐城市","matched","",""
"江苏省","宿迁市","321300","宿迁市","matched","",""
"江苏省","扬州市","321000","扬州市","matched","",""
"江苏省","连云港市","320700","连云港市","matched","",""
"重庆市","重庆市","500000","重庆市","matched","",""
"甘肃省","兰州市","620100","兰州市","matched","",""
"甘肃省","定西市","621100","定西市","matched","",""
"甘肃省","平凉市","620800","平凉市","matched","",""
"甘肃省","张掖市","620700","张掖市","matched","",""
"黑龙江省","鸡西市","230300","鸡西市","matched","",""
"黑龙江省","齐齐哈尔市","230200","齐齐哈尔市","matched","",""
"黑龙江省","哈尔滨市","230100","哈尔滨市","matched","",""
"黑龙江省","哈尔滨","230100","哈尔滨市","matched","",""
"黑龙江省","佳木斯市","230800","佳木斯市","matched","",""
"广东省","佛山市","440600","佛山市","matched","",""
"广东省","深圳市","440300","深圳市","matched","",""
"广东省","潮州市","445100","潮州市","matched","",""
"广东省","广州市","440100","广州市","matched","",""
"广东省","茂名市","440900","茂名市","matched","",""
"广东省","清远市","441800","清远市","matched","",""
"广东省","江门市","440700","江门市","matched","",""
"辽宁省","本溪市","210500","本溪市","matched","",""
"辽宁省","鞍山市","210300","鞍山市","matched","",""
"辽宁省","大连市","210200","大连市","matched","",""
"辽宁省","朝阳市","211300","朝阳市","matched","",""
"辽宁省","锦州市","210700","锦州市","matched","",""
"山西省","阳泉市","140300","阳泉市","matched","",""
"山西省","忻州市","140900","忻州市","matched","",""
"山西省","运城市","140800","运城市","matched","",""
"山西省","临汾市","141000","临汾市","matched","",""
"上海市","上海市","310000","上海市","matched","",""
"天津","天津","120000","天津市","matched","",""
"浙江省","湖州市","330500","湖州市","matched","",""
"浙江省","宁波市","330200","宁波市","matched","",""
"浙江省","杭州市","330100","杭州市","matched","",""
"浙江省","丽水市","331100","丽水市","matched","",""
"浙江省","嘉兴市","330400","嘉兴市","matched","",""
"浙江省","台州市","331000","台州市","matched","",""
"吉林省","四平市","220300","四平市","matched","",""
"吉林省","吉林市","220200","吉林市","matched","",""
"广西省","桂林市","450300","桂林市","matched","",""
"广西省","河池市","451200","河池市","matched","",""
"广西省","南宁市","450100","南宁市","matched","",""
"广西省","玉林市","450900","玉林市","matched","",""
"安徽省","亳州市","341600","亳州市","matched","",""
"安徽省","阜阳市","341200","阜阳市","matched","",""
"安徽省","淮南市","340400","淮南市","matched","",""
"安徽省","安庆市","340800","安庆市","matched","",""
"安徽省","宿州市","341300","宿州市","matched","",""
"安徽省","六安市","341500","六安市","matched","",""
"安徽省","巢湖市","340100","","manual_map","","2011年撤地级巢湖市并八合肥，建议映射合肥市340100或剔除"
"湖北省","襄樊市","420600","襄阳市","matched","",""
"湖北省","恩施土家族苗族自治州","","","unmatched","","宏观GDP/床位数据未覆盖自治州/盟/地区，需另行补充或从控制变量中剔除"
"湖北省","黄冈市","421100","黄冈市","matched","",""
"湖北省","荆门市","420800","荆门市","matched","",""
"陕西省","渭南市","610500","渭南市","matched","",""
"陕西省","宝鸡市","610300","宝鸡市","matched","",""
"陕西省","榆林市","610800","榆林市","matched","",""
"陕西省","汉中市","610700","汉中市","matched","",""
"山东省","滨州市","371600","滨州市","matched","",""
"山东省","青岛市","370200","青岛市","matched","",""
"山东省","济南市","370100","济南市","matched","",""
"山东省","枣庄市","370400","枣庄市","matched","",""
"山东省","临沂市","371300","临沂市","matched","",""
"山东省","聊城市","371500","聊城市","matched","",""
"山东省","威海市","371000","威海市","matched","",""
"山东省","潍坊市","370700","潍坊市","matched","",""
"山东省","德州市","371400","德州市","matched","",""
"河南省","安阳市","410500","安阳市","matched","",""
"河南省","洛阳市","410300","洛阳市","matched","",""
"河南省","周口市","411600","周口市","matched","",""
"河南省","郑州市","410100","郑州市","matched","",""
"河南省","濮阳市","410900","濮阳市","matched","",""
"河南省","平顶山市","410400","平顶山市","matched","",""
"河南省","焦作市","410800","焦作市","matched","",""
"河南省","信阳市","411500","信阳市","matched","",""
"湖南省","邵阳市","430500","邵阳市","matched","",""
"湖南省","岳阳市","430600","岳阳市","matched","",""
"湖南省","长沙市","430100","长沙市","matched","",""
"湖南省","益阳市","430900","益阳市","matched","",""
"湖南省","娄底市","431300","娄底市","matched","",""
"湖南省","常德市","430700","常德市","matched","",""
"贵州省","黔南布依族苗族自治州","","","unmatched","","宏观GDP/床位数据未覆盖自治州/盟/地区，需另行补充或从控制变量中剔除"
"贵州省","黔东南苗族侗族自治州","","","unmatched","","宏观GDP/床位数据未覆盖自治州/盟/地区，需另行补充或从控制变量中剔除"